{
	"credit": "Made with Blockbench by rozarke",
	"parent": "block/leaves",
	"texture_size": [32, 32],
	"textures": {
		"overlay": "byg:block/bushy_leaves/ripe_orchard_leaves_overlay",
		"bushy_top": "byg:block/bushy_leaves/orchard_bushy_top",
		"bushy_bottom": "byg:block/bushy_leaves/orchard_bushy_bottom",
		"branch": "block/bushy_leaves/oak_branch",
		"particle": "byg:block/orchard_leaves",
		"leaf": "byg:block/orchard_leaves"
	},
	"elements": [
		{
			"from": [0, 0, 0],
			"to": [16, 16, 16],
			"faces": {
				"north": {"uv": [0, 0, 16, 16], "texture": "#leaf", "cullface": "north", "tintindex": 0},
				"east": {"uv": [0, 0, 16, 16], "texture": "#leaf", "cullface": "east", "tintindex": 0},
				"south": {"uv": [0, 0, 16, 16], "texture": "#leaf", "cullface": "south", "tintindex": 0},
				"west": {"uv": [0, 0, 16, 16], "texture": "#leaf", "cullface": "west", "tintindex": 0},
				"up": {"uv": [0, 0, 16, 16], "texture": "#leaf", "cullface": "up", "tintindex": 0},
				"down": {"uv": [16, 16, 0, 0], "texture": "#leaf", "cullface": "down", "tintindex": 0}
			}
		},
		{
			"from": [1.87707, -8, -6.78207],
			"to": [1.87707, 24, 25.21793],
			"rotation": {"angle": 22.5, "axis": "y", "origin": [1.87707, -8, -6.78207]},
			"faces": {
				"north": {"uv": [0, 0, 0, 0], "texture": "#bushy_bottom", "tintindex": 0},
				"east": {"uv": [16, 0, 0, 16], "texture": "#bushy_bottom", "tintindex": 0},
				"south": {"uv": [0, 0, 0, 0], "texture": "#bushy_bottom", "tintindex": 0},
				"west": {"uv": [16, 0, 0, 16], "texture": "#bushy_bottom", "tintindex": 0},
				"up": {"uv": [0, 0, 0, 0], "texture": "#bushy_bottom", "tintindex": 0},
				"down": {"uv": [0, 0, 0, 0], "texture": "#bushy_bottom", "tintindex": 0}
			}
		},
		{
			"from": [-9.21793, -8, 1.87707],
			"to": [22.78207, 24, 1.87707],
			"rotation": {"angle": 22.5, "axis": "y", "origin": [22.78207, -8, 1.87707]},
			"faces": {
				"north": {"uv": [16, 0, 0, 16], "texture": "#bushy_bottom", "tintindex": 0},
				"east": {"uv": [0, 0, 0, 0], "texture": "#bushy_bottom", "tintindex": 0},
				"south": {"uv": [16, 0, 0, 16], "texture": "#bushy_bottom", "tintindex": 0},
				"west": {"uv": [0, 0, 0, 0], "texture": "#bushy_bottom", "tintindex": 0},
				"up": {"uv": [0, 0, 0, 0], "texture": "#bushy_bottom", "tintindex": 0},
				"down": {"uv": [0, 0, 0, 0], "texture": "#bushy_bottom", "tintindex": 0}
			}
		},
		{
			"from": [-6.78207, -8, 1.87707],
			"to": [25.21793, 24, 1.87707],
			"rotation": {"angle": -22.5, "axis": "y", "origin": [-6.78207, -8, 1.87707]},
			"faces": {
				"north": {"uv": [16, 0, 0, 16], "texture": "#bushy_top", "tintindex": 0},
				"east": {"uv": [0, 0, 0, 0], "texture": "#bushy_top", "tintindex": 0},
				"south": {"uv": [16, 0, 0, 16], "texture": "#bushy_top", "tintindex": 0},
				"west": {"uv": [0, 0, 0, 0], "texture": "#bushy_top", "tintindex": 0},
				"up": {"uv": [0, 0, 0, 0], "texture": "#bushy_top", "tintindex": 0},
				"down": {"uv": [0, 0, 0, 0], "texture": "#bushy_top", "tintindex": 0}
			}
		},
		{
			"from": [14.12293, -8, -6.78207],
			"to": [14.12293, 24, 25.21793],
			"rotation": {"angle": -22.5, "axis": "y", "origin": [14.12293, -8, -6.78207]},
			"faces": {
				"north": {"uv": [0, 0, 0, 0], "texture": "#bushy_top", "tintindex": 0},
				"east": {"uv": [16, 0, 0, 16], "texture": "#bushy_top", "tintindex": 0},
				"south": {"uv": [0, 0, 0, 0], "texture": "#bushy_top", "tintindex": 0},
				"west": {"uv": [16, 0, 0, 16], "texture": "#bushy_top", "tintindex": 0},
				"up": {"uv": [0, 0, 0, 0], "texture": "#bushy_top", "tintindex": 0},
				"down": {"uv": [0, 0, 0, 0], "texture": "#bushy_top", "tintindex": 0}
			}
		},
		{
			"from": [2.34315, 0, 2.34315],
			"to": [2.34315, 16, 18.34315],
			"rotation": {"angle": 45, "axis": "y", "origin": [2.34315, 0, 2.34315]},
			"faces": {
				"north": {"uv": [0, 0, 0, 8], "texture": "#branch"},
				"east": {"uv": [0, 0, 16, 16], "texture": "#branch"},
				"south": {"uv": [0, 0, 0, 8], "texture": "#branch"},
				"west": {"uv": [0, 0, 16, 16], "texture": "#branch"},
				"up": {"uv": [0, 0, 0, 8], "texture": "#branch"},
				"down": {"uv": [0, 0, 0, 8], "texture": "#branch"}
			}
		},
		{
			"from": [13.65685, 0, 2.34315],
			"to": [13.65685, 16, 18.34315],
			"rotation": {"angle": -45, "axis": "y", "origin": [13.65685, 0, 2.34315]},
			"faces": {
				"north": {"uv": [0, 0, 0, 8], "texture": "#branch"},
				"east": {"uv": [16, 0, 0, 16], "texture": "#branch"},
				"south": {"uv": [0, 0, 0, 8], "texture": "#branch"},
				"west": {"uv": [16, 0, 0, 16], "texture": "#branch"},
				"up": {"uv": [0, 0, 0, 8], "texture": "#branch"},
				"down": {"uv": [0, 0, 0, 8], "texture": "#branch"}
			}
		},
		{
			"from": [-0.0011, -0.0011, -0.0011],
			"to": [16.0011, 16.0011, 16.0011],
			"faces": {
				"north": {"uv": [0, 0, 16, 16], "texture": "#overlay"},
				"east": {"uv": [0, 0, 16, 16], "texture": "#overlay"},
				"south": {"uv": [0, 0, 16, 16], "texture": "#overlay"},
				"west": {"uv": [0, 0, 16, 16], "texture": "#overlay"},
				"up": {"uv": [0, 0, 16, 16], "texture": "#overlay"},
				"down": {"uv": [0, 0, 16, 16], "texture": "#overlay"}
			}
		},
		{
			"from": [-8, 7.92189, -10.38515],
			"to": [24, 7.92189, 21.61485],
			"rotation": {"angle": -22.5, "axis": "x", "origin": [8, 8.92909, 7.61108]},
			"faces": {
				"north": {"uv": [0, 0, 0, 0], "rotation": 90, "texture": "#bushy_top", "tintindex": 0},
				"east": {"uv": [0, 0, 0, 0], "rotation": 270, "texture": "#bushy_top", "tintindex": 0},
				"south": {"uv": [0, 0, 0, 0], "rotation": 270, "texture": "#bushy_top", "tintindex": 0},
				"west": {"uv": [0, 0, 0, 0], "rotation": 270, "texture": "#bushy_top", "tintindex": 0},
				"up": {"uv": [16, 16, 0, 0], "rotation": 270, "texture": "#bushy_top", "tintindex": 0},
				"down": {"uv": [16, 16, 0, 0], "rotation": 270, "texture": "#bushy_top", "tintindex": 0}
			}
		},
		{
			"from": [-8, -8.00199, 5.99753],
			"to": [24, 23.99801, 5.99753],
			"rotation": {"angle": -22.5, "axis": "x", "origin": [8, 8.00521, 7.99376]},
			"faces": {
				"north": {"uv": [16, 16, 0, 0], "rotation": 90, "texture": "#bushy_top", "tintindex": 0},
				"east": {"uv": [0, 0, 0, 0], "rotation": 270, "texture": "#bushy_bottom", "tintindex": 0},
				"south": {"uv": [16, 16, 0, 0], "rotation": 270, "texture": "#bushy_top", "tintindex": 0},
				"west": {"uv": [0, 0, 0, 0], "rotation": 270, "texture": "#bushy_bottom", "tintindex": 0},
				"up": {"uv": [0, 0, 0, 0], "rotation": 270, "texture": "#bushy_bottom", "tintindex": 0},
				"down": {"uv": [0, 0, 0, 0], "rotation": 270, "texture": "#bushy_bottom", "tintindex": 0}
			}
		},
		{
			"from": [-8, -5.84293, 8.13627],
			"to": [24, 26.15707, 8.13627],
			"rotation": {"angle": 22.5, "axis": "x", "origin": [8, 8.42108, 7.67331]},
			"faces": {
				"north": {"uv": [16, 0, 0, 16], "rotation": 90, "texture": "#bushy_top", "tintindex": 0},
				"east": {"uv": [0, 0, 0, 0], "rotation": 270, "texture": "#bushy_top", "tintindex": 0},
				"south": {"uv": [16, 0, 0, 16], "rotation": 270, "texture": "#bushy_top", "tintindex": 0},
				"west": {"uv": [0, 0, 0, 0], "rotation": 270, "texture": "#bushy_top", "tintindex": 0},
				"up": {"uv": [0, 0, 0, 0], "rotation": 270, "texture": "#bushy_top", "tintindex": 0},
				"down": {"uv": [0, 0, 0, 0], "rotation": 270, "texture": "#bushy_top", "tintindex": 0}
			}
		},
		{
			"from": [-8, 8.93157, -7.65751],
			"to": [24, 8.93157, 24.34249],
			"rotation": {"angle": 22.5, "axis": "x", "origin": [8, 8.3267, 10.85693]},
			"faces": {
				"north": {"uv": [0, 0, 0, 0], "rotation": 90, "texture": "#bushy_top", "tintindex": 0},
				"east": {"uv": [0, 0, 0, 0], "rotation": 270, "texture": "#bushy_top", "tintindex": 0},
				"south": {"uv": [0, 0, 0, 0], "rotation": 270, "texture": "#bushy_top", "tintindex": 0},
				"west": {"uv": [0, 0, 0, 0], "rotation": 270, "texture": "#bushy_top", "tintindex": 0},
				"up": {"uv": [16, 0, 0, 16], "rotation": 270, "texture": "#bushy_top", "tintindex": 0},
				"down": {"uv": [16, 0, 0, 16], "rotation": 270, "texture": "#bushy_top", "tintindex": 0}
			}
		}
	],
	"groups": [
		0,
		{
			"name": "cross_down",
			"origin": [22.78207, -8, 1.87707],
			"color": 0,
			"nbt": "{}",
			"children": [1, 2]
		},
		{
			"name": "cross_up",
			"origin": [14.12293, -8, -6.78207],
			"color": 0,
			"nbt": "{}",
			"children": [3, 4]
		},
		{
			"name": "crossbranch",
			"origin": [13.65685, 0, 2.34315],
			"color": 0,
			"nbt": "{}",
			"children": [5, 6]
		},
		7
	]
}