{
  "variants": {
    "snowy=false,mature=false": [
      {"model": "rozarke:blue_skies/block/leaves/crescent_fruit_leaves"},
      { "model": "rozarke:blue_skies/block/leaves/crescent_fruit_leaves", "y": 90 },
      { "model": "rozarke:blue_skies/block/leaves/crescent_fruit_leaves", "y": 180 },
      { "model": "rozarke:blue_skies/block/leaves/crescent_fruit_leaves", "y": 270 }
    ],
    "snowy=true,mature=false": [
      {"model": "rozarke:blue_skies/block/leaves/snowy_crescent_fruit_leaves"},
      { "model": "rozarke:blue_skies/block/leaves/snowy_crescent_fruit_leaves", "y": 90 },
      { "model": "rozarke:blue_skies/block/leaves/snowy_crescent_fruit_leaves", "y": 180 },
      { "model": "rozarke:blue_skies/block/leaves/snowy_crescent_fruit_leaves", "y": 270 }
    ],"snowy=false,mature=true": [
      {"model": "rozarke:blue_skies/block/leaves/crescent_fruit_leaves_mature"},
      { "model": "rozarke:blue_skies/block/leaves/crescent_fruit_leaves_mature", "y": 90 },
      { "model": "rozarke:blue_skies/block/leaves/crescent_fruit_leaves_mature", "y": 180 },
      { "model": "rozarke:blue_skies/block/leaves/crescent_fruit_leaves_mature", "y": 270 }
    ],
    "snowy=true,mature=true": [
      {"model": "rozarke:blue_skies/block/leaves/snowy_crescent_fruit_leaves_mature"},
      { "model": "rozarke:blue_skies/block/leaves/snowy_crescent_fruit_leaves_mature", "y": 90 },
      { "model": "rozarke:blue_skies/block/leaves/snowy_crescent_fruit_leaves_mature", "y": 180 },
      { "model": "rozarke:blue_skies/block/leaves/snowy_crescent_fruit_leaves_mature", "y": 270 }
    ]
  }
}