{
  "variants": {
    "snowy=false": [
      {"model": "rozarke:blue_skies/block/leaves/frostbright_leaves"},
      { "model": "rozarke:blue_skies/block/leaves/frostbright_leaves", "y": 90 },
      { "model": "rozarke:blue_skies/block/leaves/frostbright_leaves", "y": 180 },
      { "model": "rozarke:blue_skies/block/leaves/frostbright_leaves", "y": 270 }
    ],
    "snowy=true": [
      {"model": "rozarke:blue_skies/block/leaves/snowy_frostbright_leaves"},
      { "model": "rozarke:blue_skies/block/leaves/snowy_frostbright_leaves", "y": 90 },
      { "model": "rozarke:blue_skies/block/leaves/snowy_frostbright_leaves", "y": 180 },
      { "model": "rozarke:blue_skies/block/leaves/snowy_frostbright_leaves", "y": 270 }
    ]
  }
}