{
	"credit": "Made with Blockbench by rozarke",
	"parent": "block/leaves",
	"texture_size": [32, 32],
	"textures": {
		"bushy_top": "autumnity:block/bushy_leaves/maple_bushy_top",
		"bushy_bottom": "autumnity:block/bushy_leaves/maple_bushy_bottom",
		"branch": "autumnity:block/bushy_leaves/maple_branch",
		"particle": "autumnity:block/maple_leaves",
		"leaf": "autumnity:block/maple_leaves"
	},
	"elements": [
		{
			"from": [0, 0, 0],
			"to": [16, 16, 16],
			"faces": {
				"north": {"uv": [0, 0, 16, 16], "texture": "#leaf", "cullface": "north", "tintindex": 0},
				"east": {"uv": [0, 0, 16, 16], "texture": "#leaf", "cullface": "east", "tintindex": 0},
				"south": {"uv": [0, 0, 16, 16], "texture": "#leaf", "cullface": "south", "tintindex": 0},
				"west": {"uv": [0, 0, 16, 16], "texture": "#leaf", "cullface": "west", "tintindex": 0},
				"up": {"uv": [0, 0, 16, 16], "texture": "#leaf", "cullface": "up", "tintindex": 0},
				"down": {"uv": [16, 16, 0, 0], "texture": "#leaf", "cullface": "down", "tintindex": 0}
			}
		},
		{
			"from": [1.95319, -8, -4.39939],
			"to": [1.95319, 24, 27.60061],
			"rotation": {"angle": 22.5, "axis": "y", "origin": [0.95319, -8, -6.39939]},
			"faces": {
				"north": {"uv": [0, 0, 0, 0], "texture": "#bushy_bottom", "tintindex": 0},
				"east": {"uv": [16, 0, 0, 16], "texture": "#bushy_bottom", "tintindex": 0},
				"south": {"uv": [0, 0, 0, 0], "texture": "#bushy_bottom", "tintindex": 0},
				"west": {"uv": [16, 0, 0, 16], "texture": "#bushy_bottom", "tintindex": 0},
				"up": {"uv": [0, 0, 0, 0], "texture": "#bushy_bottom", "tintindex": 0},
				"down": {"uv": [0, 0, 0, 0], "texture": "#bushy_bottom", "tintindex": 0}
			}
		},
		{
			"from": [-8.91136, -8, 3.41826],
			"to": [23.08864, 24, 3.41826],
			"rotation": {"angle": 22.5, "axis": "y", "origin": [24.08864, -8, 2.41826]},
			"faces": {
				"north": {"uv": [16, 0, 0, 16], "texture": "#bushy_bottom", "tintindex": 0},
				"east": {"uv": [0, 0, 0, 0], "texture": "#bushy_bottom", "tintindex": 0},
				"south": {"uv": [16, 0, 0, 16], "texture": "#bushy_bottom", "tintindex": 0},
				"west": {"uv": [0, 0, 0, 0], "texture": "#bushy_bottom", "tintindex": 0},
				"up": {"uv": [0, 0, 0, 0], "texture": "#bushy_bottom", "tintindex": 0},
				"down": {"uv": [0, 0, 0, 0], "texture": "#bushy_bottom", "tintindex": 0}
			}
		},
		{
			"from": [-9.3561, -8, 2.26288],
			"to": [22.6439, 24, 2.26288],
			"rotation": {"angle": -22.5, "axis": "y", "origin": [-7.3561, -8, 3.26288]},
			"faces": {
				"north": {"uv": [16, 0, 0, 16], "texture": "#bushy_top", "tintindex": 0},
				"east": {"uv": [0, 0, 0, 0], "texture": "#bushy_top", "tintindex": 0},
				"south": {"uv": [16, 0, 0, 16], "texture": "#bushy_top", "tintindex": 0},
				"west": {"uv": [0, 0, 0, 0], "texture": "#bushy_top", "tintindex": 0},
				"up": {"uv": [0, 0, 0, 0], "texture": "#bushy_top", "tintindex": 0},
				"down": {"uv": [0, 0, 0, 0], "texture": "#bushy_top", "tintindex": 0}
			}
		},
		{
			"from": [11.93159, -8, -7.32013],
			"to": [11.93159, 24, 24.67987],
			"rotation": {"angle": -22.5, "axis": "y", "origin": [13.93159, -8, -6.32013]},
			"faces": {
				"north": {"uv": [0, 0, 0, 0], "texture": "#bushy_top", "tintindex": 0},
				"east": {"uv": [16, 0, 0, 16], "texture": "#bushy_top", "tintindex": 0},
				"south": {"uv": [0, 0, 0, 0], "texture": "#bushy_top", "tintindex": 0},
				"west": {"uv": [16, 0, 0, 16], "texture": "#bushy_top", "tintindex": 0},
				"up": {"uv": [0, 0, 0, 0], "texture": "#bushy_top", "tintindex": 0},
				"down": {"uv": [0, 0, 0, 0], "texture": "#bushy_top", "tintindex": 0}
			}
		},
		{
			"from": [2.34315, 0, 2.34315],
			"to": [2.34315, 16, 18.34315],
			"rotation": {"angle": 45, "axis": "y", "origin": [2.34315, 0, 2.34315]},
			"faces": {
				"north": {"uv": [0, 0, 0, 8], "texture": "#branch"},
				"east": {"uv": [0, 0, 16, 16], "texture": "#branch"},
				"south": {"uv": [0, 0, 0, 8], "texture": "#branch"},
				"west": {"uv": [0, 0, 16, 16], "texture": "#branch"},
				"up": {"uv": [0, 0, 0, 8], "texture": "#branch"},
				"down": {"uv": [0, 0, 0, 8], "texture": "#branch"}
			}
		},
		{
			"from": [13.65685, 0, 2.34315],
			"to": [13.65685, 16, 18.34315],
			"rotation": {"angle": -45, "axis": "y", "origin": [13.65685, 0, 2.34315]},
			"faces": {
				"north": {"uv": [0, 0, 0, 8], "texture": "#branch"},
				"east": {"uv": [16, 0, 0, 16], "texture": "#branch"},
				"south": {"uv": [0, 0, 0, 8], "texture": "#branch"},
				"west": {"uv": [16, 0, 0, 16], "texture": "#branch"},
				"up": {"uv": [0, 0, 0, 8], "texture": "#branch"},
				"down": {"uv": [0, 0, 0, 8], "texture": "#branch"}
			}
		},
		{
			"from": [-8, 7.92189, -10.38515],
			"to": [24, 7.92189, 21.61485],
			"rotation": {"angle": -22.5, "axis": "x", "origin": [8, 8.92909, 7.61108]},
			"faces": {
				"north": {"uv": [0, 0, 0, 0], "rotation": 90, "texture": "#bushy_top", "tintindex": 0},
				"east": {"uv": [0, 0, 0, 0], "rotation": 270, "texture": "#bushy_top", "tintindex": 0},
				"south": {"uv": [0, 0, 0, 0], "rotation": 270, "texture": "#bushy_top", "tintindex": 0},
				"west": {"uv": [0, 0, 0, 0], "rotation": 270, "texture": "#bushy_top", "tintindex": 0},
				"up": {"uv": [16, 16, 0, 0], "rotation": 270, "texture": "#bushy_top", "tintindex": 0},
				"down": {"uv": [16, 16, 0, 0], "rotation": 270, "texture": "#bushy_top", "tintindex": 0}
			}
		},
		{
			"from": [-8, -8.00199, 5.99753],
			"to": [24, 23.99801, 5.99753],
			"rotation": {"angle": -22.5, "axis": "x", "origin": [8, 8.00521, 7.99376]},
			"faces": {
				"north": {"uv": [16, 16, 0, 0], "rotation": 90, "texture": "#bushy_top", "tintindex": 0},
				"east": {"uv": [0, 0, 0, 0], "rotation": 270, "texture": "#bushy_bottom", "tintindex": 0},
				"south": {"uv": [16, 16, 0, 0], "rotation": 270, "texture": "#bushy_top", "tintindex": 0},
				"west": {"uv": [0, 0, 0, 0], "rotation": 270, "texture": "#bushy_bottom", "tintindex": 0},
				"up": {"uv": [0, 0, 0, 0], "rotation": 270, "texture": "#bushy_bottom", "tintindex": 0},
				"down": {"uv": [0, 0, 0, 0], "rotation": 270, "texture": "#bushy_bottom", "tintindex": 0}
			}
		},
		{
			"from": [-8, -5.84293, 8.13627],
			"to": [24, 26.15707, 8.13627],
			"rotation": {"angle": 22.5, "axis": "x", "origin": [8, 8.42108, 7.67331]},
			"faces": {
				"north": {"uv": [16, 0, 0, 16], "rotation": 90, "texture": "#bushy_top", "tintindex": 0},
				"east": {"uv": [0, 0, 0, 0], "rotation": 270, "texture": "#bushy_top", "tintindex": 0},
				"south": {"uv": [16, 0, 0, 16], "rotation": 270, "texture": "#bushy_top", "tintindex": 0},
				"west": {"uv": [0, 0, 0, 0], "rotation": 270, "texture": "#bushy_top", "tintindex": 0},
				"up": {"uv": [0, 0, 0, 0], "rotation": 270, "texture": "#bushy_top", "tintindex": 0},
				"down": {"uv": [0, 0, 0, 0], "rotation": 270, "texture": "#bushy_top", "tintindex": 0}
			}
		},
		{
			"from": [-8, 8.93157, -7.65751],
			"to": [24, 8.93157, 24.34249],
			"rotation": {"angle": 22.5, "axis": "x", "origin": [8, 8.3267, 10.85693]},
			"faces": {
				"north": {"uv": [0, 0, 0, 0], "rotation": 90, "texture": "#bushy_top", "tintindex": 0},
				"east": {"uv": [0, 0, 0, 0], "rotation": 270, "texture": "#bushy_top", "tintindex": 0},
				"south": {"uv": [0, 0, 0, 0], "rotation": 270, "texture": "#bushy_top", "tintindex": 0},
				"west": {"uv": [0, 0, 0, 0], "rotation": 270, "texture": "#bushy_top", "tintindex": 0},
				"up": {"uv": [16, 0, 0, 16], "rotation": 270, "texture": "#bushy_top", "tintindex": 0},
				"down": {"uv": [16, 0, 0, 16], "rotation": 270, "texture": "#bushy_top", "tintindex": 0}
			}
		}
	],
	"groups": [
		0,
		{
			"name": "cross_down",
			"origin": [22.78207, -8, 1.87707],
			"color": 0,
			"nbt": "{}",
			"armAnimationEnabled": false,
			"children": [1, 2]
		},
		{
			"name": "cross_up",
			"origin": [13.93159, -8, -6.32013],
			"color": 0,
			"nbt": "{}",
			"armAnimationEnabled": false,
			"children": [3, 4]
		},
		{
			"name": "crossbranch",
			"origin": [13.65685, 0, 2.34315],
			"color": 0,
			"nbt": "{}",
			"armAnimationEnabled": false,
			"children": [5, 6]
		},
		{
			"name": "cross_down2",
			"origin": [22.78207, -7.99479, 1.87083],
			"color": 0,
			"nbt": "{}",
			"armAnimationEnabled": false,
			"children": [7, 8]
		},
		{
			"name": "cross_up2",
			"origin": [13.84354, -8, -5.24635],
			"color": 0,
			"nbt": "{}",
			"armAnimationEnabled": false,
			"children": [9, 10]
		}
	]
}