{
	"credit": "Made with Blockbench",
	"texture_size": [32, 32],
	"textures": {
		"0": "block/brewing_stand",
		"particle": "block/brewing_stand"
	},
	"elements": [
		{
			"from": [6.5, 0, 13],
			"to": [9.5, 1, 16],
			"rotation": {"angle": 0, "axis": "y", "origin": [0, 0, 1]},
			"faces": {
				"north": {"uv": [2.5, 8.5, 4, 9], "texture": "#0"},
				"east": {"uv": [2.5, 8.5, 4, 9], "texture": "#0"},
				"south": {"uv": [2.5, 8.5, 4, 9], "texture": "#0"},
				"west": {"uv": [2.5, 8.5, 4, 9], "texture": "#0"},
				"up": {"uv": [2.5, 8.5, 4, 10], "texture": "#0"},
				"down": {"uv": [2.5, 8.5, 4, 10], "texture": "#0"}
			}
		},
		{
			"from": [7.92893, 1, 7.99264],
			"to": [7.92893, 12, 16.99264],
			"rotation": {"angle": 0, "axis": "y", "origin": [8, 4.5, 15]},
			"faces": {
				"north": {"uv": [0, 0, 0, 5.5], "texture": "#missing"},
				"east": {"uv": [11, 10.5, 15.5, 16], "texture": "#0"},
				"south": {"uv": [0, 0, 0, 5.5], "texture": "#missing"},
				"west": {"uv": [15.5, 10.5, 11, 16], "texture": "#0"},
				"up": {"uv": [0, 0, 0, 4.5], "texture": "#missing"},
				"down": {"uv": [0, 0, 0, 4.5], "texture": "#missing"}
			}
		}
	]
}