{
	"credit": "Made with Blockbench",
	"texture_size": [32, 32],
	"textures": {
		"0": "block/brewing_stand",
		"particle": "block/brewing_stand"
	},
	"elements": [
		{
			"from": [12, 0, 10],
			"to": [15, 1, 13],
			"rotation": {"angle": 0, "axis": "y", "origin": [0, 0, 1]},
			"faces": {
				"north": {"uv": [2.5, 8.5, 4, 9], "texture": "#0"},
				"east": {"uv": [2.5, 8.5, 4, 9], "texture": "#0"},
				"south": {"uv": [2.5, 8.5, 4, 9], "texture": "#0"},
				"west": {"uv": [2.5, 8.5, 4, 9], "texture": "#0"},
				"up": {"uv": [2.5, 8.5, 4, 10], "texture": "#0"},
				"down": {"uv": [2.5, 8.5, 4, 10], "texture": "#0"}
			}
		}
	]
}