{
	"credit": "Made with Blockbench by rozarke",
	"textures": {
		"1": "byg:block/extra/fruit_stage3"
	},
	"elements": [
		{
			"from": [4, 2, 4],
			"to": [12, 12, 12],
			"faces": {
				"north": {"uv": [0, 0, 8, 9], "texture": "#1"},
				"east": {"uv": [0, 0, 8, 9], "texture": "#1"},
				"south": {"uv": [0, 0, 8, 9], "texture": "#1"},
				"west": {"uv": [0, 0, 8, 9], "texture": "#1"},
				"up": {"uv": [16, 8, 8, 0], "texture": "#1"},
				"down": {"uv": [16, 8, 8, 16], "texture": "#1"}
			}
		},
		{
			"from": [6.64645, 12, 7.64645],
			"to": [9.64645, 16, 7.64645],
			"rotation": {"angle": -45, "axis": "y", "origin": [7.64645, 15, 7.64645]},
			"faces": {
				"north": {"uv": [3, 11, 0, 16], "texture": "#1"},
				"east": {"uv": [0, 0, 0, 2], "texture": "#1"},
				"south": {"uv": [0, 11, 3, 16], "texture": "#1"},
				"west": {"uv": [0, 0, 0, 2], "texture": "#1"},
				"up": {"uv": [2, 0, 0, 0], "texture": "#1"},
				"down": {"uv": [2, 0, 0, 0], "texture": "#1"}
			}
		},
		{
			"from": [7.64645, 12, 6.35355],
			"to": [7.64645, 16, 9.35355],
			"rotation": {"angle": -45, "axis": "y", "origin": [7.64645, 15, 8.35355]},
			"faces": {
				"north": {"uv": [0, 0, 0, 2], "texture": "#1"},
				"east": {"uv": [3, 11, 0, 16], "texture": "#1"},
				"south": {"uv": [0, 0, 0, 2], "texture": "#1"},
				"west": {"uv": [0, 11, 3, 16], "texture": "#1"},
				"up": {"uv": [0, 2, 0, 0], "texture": "#1"},
				"down": {"uv": [0, 0, 0, 2], "texture": "#1"}
			}
		}
	],
	"groups": [
		0,
		{
			"name": "cross",
			"origin": [-0.17678, 0, 0.17678],
			"color": 0,
			"nbt": "{}",
			"children": [1, 2]
		}
	]
}