{
	"credit": "Made with Blockbench by rozarke",
	"textures": {
		"1": "byg:block/extra/fruit_stage1"
	},
	"elements": [
		{
			"from": [6, 8, 6],
			"to": [10, 13, 10],
			"faces": {
				"north": {"uv": [0, 0, 4, 5], "texture": "#1"},
				"east": {"uv": [0, 0, 4, 5], "texture": "#1"},
				"south": {"uv": [0, 0, 4, 5], "texture": "#1"},
				"west": {"uv": [0, 0, 4, 5], "texture": "#1"},
				"up": {"uv": [8, 4, 4, 0], "texture": "#1"},
				"down": {"uv": [8, 5, 4, 9], "texture": "#1"}
			}
		},
		{
			"from": [7, 13, 8],
			"to": [9, 16, 8],
			"rotation": {"angle": -45, "axis": "y", "origin": [8, 15, 8]},
			"faces": {
				"north": {"uv": [2, 3, 0, 6], "texture": "#1"},
				"east": {"uv": [0, 0, 0, 2], "texture": "#1"},
				"south": {"uv": [0, 3, 2, 6], "texture": "#1"},
				"west": {"uv": [0, 0, 0, 2], "texture": "#1"},
				"up": {"uv": [2, 0, 0, 0], "texture": "#1"},
				"down": {"uv": [2, 0, 0, 0], "texture": "#1"}
			}
		},
		{
			"from": [8, 13, 7],
			"to": [8, 16, 9],
			"rotation": {"angle": -45, "axis": "y", "origin": [8, 15, 8]},
			"faces": {
				"north": {"uv": [0, 0, 0, 2], "texture": "#1"},
				"east": {"uv": [4, 5, 2, 8], "texture": "#1"},
				"south": {"uv": [0, 0, 0, 2], "texture": "#1"},
				"west": {"uv": [2, 5, 4, 8], "texture": "#1"},
				"up": {"uv": [0, 2, 0, 0], "texture": "#1"},
				"down": {"uv": [0, 0, 0, 2], "texture": "#1"}
			}
		}
	],
	"groups": [
		0,
		{
			"name": "cross",
			"origin": [0, 0, 0],
			"color": 0,
			"nbt": "{}",
			"children": [1, 2]
		}
	]
}